{"cameraMode":{"drawMode":0,"name":"Shaded","section":"Shading Mode"},"sceneLighting":true,"audioPlay":false,"sceneViewState":{"m_AlwaysRefresh":false,"showFog":true,"showSkybox":true,"showFlares":true,"showImageEffects":true,"showParticleSystems":true,"showVisualEffectGraphs":true,"m_FxEnabled":true},"in2DMode":false,"pivot":{"x":5.196073055267334,"y":5.368534564971924,"z":4.872522354125977},"rotation":{"x":0.24269802868366242,"y":-0.07992556691169739,"z":0.020068157464265825,"w":0.9665957093238831},"size":4.460882663726807,"orthographic":false}